科研状态阶段,核心特征,核心诉求,具体问题
零基础启动期（无选题、无成型数据）,由职称评审、毕业、课题结题等硬性目标驱动；无明确研究方向与成型数据；科研经验普遍薄弱；先评估可行性再深入,快速评估自身条件的发文可行性，找到门槛最低、周期最短、符合评审要求的发文路径，降低试错成本,哪种类型的论文最好发、最快产出？
零基础启动期（无选题、无成型数据）,由职称评审、毕业、课题结题等硬性目标驱动；无明确研究方向与成型数据；科研经验普遍薄弱；先评估可行性再深入,快速评估自身条件的发文可行性，找到门槛最低、周期最短、符合评审要求的发文路径，降低试错成本,病例报告、综述、Meta 分析、回顾性研究哪个更适合我？
零基础启动期（无选题、无成型数据）,由职称评审、毕业、课题结题等硬性目标驱动；无明确研究方向与成型数据；科研经验普遍薄弱；先评估可行性再深入,快速评估自身条件的发文可行性，找到门槛最低、周期最短、符合评审要求的发文路径，降低试错成本,还有 X 个月截止，现在开始准备来得及吗？
零基础启动期（无选题、无成型数据）,由职称评审、毕业、课题结题等硬性目标驱动；无明确研究方向与成型数据；科研经验普遍薄弱；先评估可行性再深入,快速评估自身条件的发文可行性，找到门槛最低、周期最短、符合评审要求的发文路径，降低试错成本,从选题到见刊全程要多久？
零基础启动期（无选题、无成型数据）,由职称评审、毕业、课题结题等硬性目标驱动；无明确研究方向与成型数据；科研经验普遍薄弱；先评估可行性再深入,快速评估自身条件的发文可行性，找到门槛最低、周期最短、符合评审要求的发文路径，降低试错成本,没实验条件、没太多病例，能发什么级别的期刊？
零基础启动期（无选题、无成型数据）,由职称评审、毕业、课题结题等硬性目标驱动；无明确研究方向与成型数据；科研经验普遍薄弱；先评估可行性再深入,快速评估自身条件的发文可行性，找到门槛最低、周期最短、符合评审要求的发文路径，降低试错成本,纯生信分析的论文评职称认不认？
零基础启动期（无选题、无成型数据）,由职称评审、毕业、课题结题等硬性目标驱动；无明确研究方向与成型数据；科研经验普遍薄弱；先评估可行性再深入,快速评估自身条件的发文可行性，找到门槛最低、周期最短、符合评审要求的发文路径，降低试错成本,Meta 分析评职称认不认？
零基础启动期（无选题、无成型数据）,由职称评审、毕业、课题结题等硬性目标驱动；无明确研究方向与成型数据；科研经验普遍薄弱；先评估可行性再深入,快速评估自身条件的发文可行性，找到门槛最低、周期最短、符合评审要求的发文路径，降低试错成本,能不能推荐一个工作量小、容易中的选题？
零基础启动期（无选题、无成型数据）,由职称评审、毕业、课题结题等硬性目标驱动；无明确研究方向与成型数据；科研经验普遍薄弱；先评估可行性再深入,快速评估自身条件的发文可行性，找到门槛最低、周期最短、符合评审要求的发文路径，降低试错成本,全程最快多久能搞定？
选题与方案设计期（有方向 / 原始数据，未定最终方案）,已锁定大致疾病方向，或持有一批回顾性病案 / 随访 / 检验数据；研究设计尚未定型，正在权衡不同方案优劣；围绕可行性、样本量、合规性反复确认细节,确定适配自身数据的最优研究设计，明确方案细节，验证创新性与可行性，确认合规边界,回顾性队列和病例对照研究该选哪个？
选题与方案设计期（有方向 / 原始数据，未定最终方案）,已锁定大致疾病方向，或持有一批回顾性病案 / 随访 / 检验数据；研究设计尚未定型，正在权衡不同方案优劣；围绕可行性、样本量、合规性反复确认细节,确定适配自身数据的最优研究设计，明确方案细节，验证创新性与可行性，确认合规边界,真实世界研究好不好发？
选题与方案设计期（有方向 / 原始数据，未定最终方案）,已锁定大致疾病方向，或持有一批回顾性病案 / 随访 / 检验数据；研究设计尚未定型，正在权衡不同方案优劣；围绕可行性、样本量、合规性反复确认细节,确定适配自身数据的最优研究设计，明确方案细节，验证创新性与可行性，确认合规边界,临床数据加生信分析能不能提升文章档次？
选题与方案设计期（有方向 / 原始数据，未定最终方案）,已锁定大致疾病方向，或持有一批回顾性病案 / 随访 / 检验数据；研究设计尚未定型，正在权衡不同方案优劣；围绕可行性、样本量、合规性反复确认细节,确定适配自身数据的最优研究设计，明确方案细节，验证创新性与可行性，确认合规边界,纳入排除标准怎么定才合理？
选题与方案设计期（有方向 / 原始数据，未定最终方案）,已锁定大致疾病方向，或持有一批回顾性病案 / 随访 / 检验数据；研究设计尚未定型，正在权衡不同方案优劣；围绕可行性、样本量、合规性反复确认细节,确定适配自身数据的最优研究设计，明确方案细节，验证创新性与可行性，确认合规边界,只选本院的病例行不行？
选题与方案设计期（有方向 / 原始数据，未定最终方案）,已锁定大致疾病方向，或持有一批回顾性病案 / 随访 / 检验数据；研究设计尚未定型，正在权衡不同方案优劣；围绕可行性、样本量、合规性反复确认细节,确定适配自身数据的最优研究设计，明确方案细节，验证创新性与可行性，确认合规边界,限定疾病分期会不会导致样本量不够？
选题与方案设计期（有方向 / 原始数据，未定最终方案）,已锁定大致疾病方向，或持有一批回顾性病案 / 随访 / 检验数据；研究设计尚未定型，正在权衡不同方案优劣；围绕可行性、样本量、合规性反复确认细节,确定适配自身数据的最优研究设计，明确方案细节，验证创新性与可行性，确认合规边界,研究必须设置对照组吗？
选题与方案设计期（有方向 / 原始数据，未定最终方案）,已锁定大致疾病方向，或持有一批回顾性病案 / 随访 / 检验数据；研究设计尚未定型，正在权衡不同方案优劣；围绕可行性、样本量、合规性反复确认细节,确定适配自身数据的最优研究设计，明确方案细节，验证创新性与可行性，确认合规边界,对照组样本量要和实验组 1:1 吗？
选题与方案设计期（有方向 / 原始数据，未定最终方案）,已锁定大致疾病方向，或持有一批回顾性病案 / 随访 / 检验数据；研究设计尚未定型，正在权衡不同方案优劣；围绕可行性、样本量、合规性反复确认细节,确定适配自身数据的最优研究设计，明确方案细节，验证创新性与可行性，确认合规边界,用什么对照更容易出阳性结果？
选题与方案设计期（有方向 / 原始数据，未定最终方案）,已锁定大致疾病方向，或持有一批回顾性病案 / 随访 / 检验数据；研究设计尚未定型，正在权衡不同方案优劣；围绕可行性、样本量、合规性反复确认细节,确定适配自身数据的最优研究设计，明确方案细节，验证创新性与可行性，确认合规边界,主要结局指标选几个合适？
选题与方案设计期（有方向 / 原始数据，未定最终方案）,已锁定大致疾病方向，或持有一批回顾性病案 / 随访 / 检验数据；研究设计尚未定型，正在权衡不同方案优劣；围绕可行性、样本量、合规性反复确认细节,确定适配自身数据的最优研究设计，明确方案细节，验证创新性与可行性，确认合规边界,硬终点和软终点哪个更好发？
选题与方案设计期（有方向 / 原始数据，未定最终方案）,已锁定大致疾病方向，或持有一批回顾性病案 / 随访 / 检验数据；研究设计尚未定型，正在权衡不同方案优劣；围绕可行性、样本量、合规性反复确认细节,确定适配自身数据的最优研究设计，明确方案细节，验证创新性与可行性，确认合规边界,次要结局指标有什么学术价值？
选题与方案设计期（有方向 / 原始数据，未定最终方案）,已锁定大致疾病方向，或持有一批回顾性病案 / 随访 / 检验数据；研究设计尚未定型，正在权衡不同方案优劣；围绕可行性、样本量、合规性反复确认细节,确定适配自身数据的最优研究设计，明确方案细节，验证创新性与可行性，确认合规边界,干预措施要细化到什么程度？
选题与方案设计期（有方向 / 原始数据，未定最终方案）,已锁定大致疾病方向，或持有一批回顾性病案 / 随访 / 检验数据；研究设计尚未定型，正在权衡不同方案优劣；围绕可行性、样本量、合规性反复确认细节,确定适配自身数据的最优研究设计，明确方案细节，验证创新性与可行性，确认合规边界,暴露因素按什么标准定义才严谨？
选题与方案设计期（有方向 / 原始数据，未定最终方案）,已锁定大致疾病方向，或持有一批回顾性病案 / 随访 / 检验数据；研究设计尚未定型，正在权衡不同方案优劣；围绕可行性、样本量、合规性反复确认细节,确定适配自身数据的最优研究设计，明确方案细节，验证创新性与可行性，确认合规边界,多个干预措施能不能同时纳入研究？
选题与方案设计期（有方向 / 原始数据，未定最终方案）,已锁定大致疾病方向，或持有一批回顾性病案 / 随访 / 检验数据；研究设计尚未定型，正在权衡不同方案优劣；围绕可行性、样本量、合规性反复确认细节,确定适配自身数据的最优研究设计，明确方案细节，验证创新性与可行性，确认合规边界,XX 例样本够不够发核心期刊？
选题与方案设计期（有方向 / 原始数据，未定最终方案）,已锁定大致疾病方向，或持有一批回顾性病案 / 随访 / 检验数据；研究设计尚未定型，正在权衡不同方案优劣；围绕可行性、样本量、合规性反复确认细节,确定适配自身数据的最优研究设计，明确方案细节，验证创新性与可行性，确认合规边界,样本量怎么计算？有没有简单工具？
选题与方案设计期（有方向 / 原始数据，未定最终方案）,已锁定大致疾病方向，或持有一批回顾性病案 / 随访 / 检验数据；研究设计尚未定型，正在权衡不同方案优劣；围绕可行性、样本量、合规性反复确认细节,确定适配自身数据的最优研究设计，明确方案细节，验证创新性与可行性，确认合规边界,随访时间短会不会影响研究结论？
选题与方案设计期（有方向 / 原始数据，未定最终方案）,已锁定大致疾病方向，或持有一批回顾性病案 / 随访 / 检验数据；研究设计尚未定型，正在权衡不同方案优劣；围绕可行性、样本量、合规性反复确认细节,确定适配自身数据的最优研究设计，明确方案细节，验证创新性与可行性，确认合规边界,怎么快速查选题有没有人做过？
选题与方案设计期（有方向 / 原始数据，未定最终方案）,已锁定大致疾病方向，或持有一批回顾性病案 / 随访 / 检验数据；研究设计尚未定型，正在权衡不同方案优劣；围绕可行性、样本量、合规性反复确认细节,确定适配自身数据的最优研究设计，明确方案细节，验证创新性与可行性，确认合规边界,选题已经有人做过还能再发吗？
选题与方案设计期（有方向 / 原始数据，未定最终方案）,已锁定大致疾病方向，或持有一批回顾性病案 / 随访 / 检验数据；研究设计尚未定型，正在权衡不同方案优劣；围绕可行性、样本量、合规性反复确认细节,确定适配自身数据的最优研究设计，明确方案细节，验证创新性与可行性，确认合规边界,怎么从文献里找到研究缺口？
选题与方案设计期（有方向 / 原始数据，未定最终方案）,已锁定大致疾病方向，或持有一批回顾性病案 / 随访 / 检验数据；研究设计尚未定型，正在权衡不同方案优劣；围绕可行性、样本量、合规性反复确认细节,确定适配自身数据的最优研究设计，明确方案细节，验证创新性与可行性，确认合规边界,回顾性研究要不要过伦理？
选题与方案设计期（有方向 / 原始数据，未定最终方案）,已锁定大致疾病方向，或持有一批回顾性病案 / 随访 / 检验数据；研究设计尚未定型，正在权衡不同方案优劣；围绕可行性、样本量、合规性反复确认细节,确定适配自身数据的最优研究设计，明确方案细节，验证创新性与可行性，确认合规边界,临床试验注册是强制的吗？
选题与方案设计期（有方向 / 原始数据，未定最终方案）,已锁定大致疾病方向，或持有一批回顾性病案 / 随访 / 检验数据；研究设计尚未定型，正在权衡不同方案优劣；围绕可行性、样本量、合规性反复确认细节,确定适配自身数据的最优研究设计，明确方案细节，验证创新性与可行性，确认合规边界,从医院导出数据要走什么流程？
数据收集与预处理期（方案已定，未形成分析集）,研究方案已确定，正在招募 / 提取数据，或已拿到原始零散数据；数据不规范、质量参差不齐；高度关注数据合规性、质控方法与整理标准,完成数据的合规收集、质量控制与结构化整理，输出符合统计要求的标准分析数据集,用 Excel 录数据行不行？
数据收集与预处理期（方案已定，未形成分析集）,研究方案已确定，正在招募 / 提取数据，或已拿到原始零散数据；数据不规范、质量参差不齐；高度关注数据合规性、质控方法与整理标准,完成数据的合规收集、质量控制与结构化整理，输出符合统计要求的标准分析数据集,怎么保证数据录入不出错？
数据收集与预处理期（方案已定，未形成分析集）,研究方案已确定，正在招募 / 提取数据，或已拿到原始零散数据；数据不规范、质量参差不齐；高度关注数据合规性、质控方法与整理标准,完成数据的合规收集、质量控制与结构化整理，输出符合统计要求的标准分析数据集,患者招募进度慢怎么提速？
数据收集与预处理期（方案已定，未形成分析集）,研究方案已确定，正在招募 / 提取数据，或已拿到原始零散数据；数据不规范、质量参差不齐；高度关注数据合规性、质控方法与整理标准,完成数据的合规收集、质量控制与结构化整理，输出符合统计要求的标准分析数据集,患者信息怎么脱敏才合规？
数据收集与预处理期（方案已定，未形成分析集）,研究方案已确定，正在招募 / 提取数据，或已拿到原始零散数据；数据不规范、质量参差不齐；高度关注数据合规性、质控方法与整理标准,完成数据的合规收集、质量控制与结构化整理，输出符合统计要求的标准分析数据集,数据能带回家处理吗？
数据收集与预处理期（方案已定，未形成分析集）,研究方案已确定，正在招募 / 提取数据，或已拿到原始零散数据；数据不规范、质量参差不齐；高度关注数据合规性、质控方法与整理标准,完成数据的合规收集、质量控制与结构化整理，输出符合统计要求的标准分析数据集,数据匿名化后是不是就不用过伦理了？
数据收集与预处理期（方案已定，未形成分析集）,研究方案已确定，正在招募 / 提取数据，或已拿到原始零散数据；数据不规范、质量参差不齐；高度关注数据合规性、质控方法与整理标准,完成数据的合规收集、质量控制与结构化整理，输出符合统计要求的标准分析数据集,缺失值直接删掉还是填补？
数据收集与预处理期（方案已定，未形成分析集）,研究方案已确定，正在招募 / 提取数据，或已拿到原始零散数据；数据不规范、质量参差不齐；高度关注数据合规性、质控方法与整理标准,完成数据的合规收集、质量控制与结构化整理，输出符合统计要求的标准分析数据集,异常值怎么判断和处理？
数据收集与预处理期（方案已定，未形成分析集）,研究方案已确定，正在招募 / 提取数据，或已拿到原始零散数据；数据不规范、质量参差不齐；高度关注数据合规性、质控方法与整理标准,完成数据的合规收集、质量控制与结构化整理，输出符合统计要求的标准分析数据集,错误值、逻辑矛盾值怎么修正？
数据收集与预处理期（方案已定，未形成分析集）,研究方案已确定，正在招募 / 提取数据，或已拿到原始零散数据；数据不规范、质量参差不齐；高度关注数据合规性、质控方法与整理标准,完成数据的合规收集、质量控制与结构化整理，输出符合统计要求的标准分析数据集,多来源数据对不上以哪个为准？
数据收集与预处理期（方案已定，未形成分析集）,研究方案已确定，正在招募 / 提取数据，或已拿到原始零散数据；数据不规范、质量参差不齐；高度关注数据合规性、质控方法与整理标准,完成数据的合规收集、质量控制与结构化整理，输出符合统计要求的标准分析数据集,怎么统一数据标准？
数据收集与预处理期（方案已定，未形成分析集）,研究方案已确定，正在招募 / 提取数据，或已拿到原始零散数据；数据不规范、质量参差不齐；高度关注数据合规性、质控方法与整理标准,完成数据的合规收集、质量控制与结构化整理，输出符合统计要求的标准分析数据集,怎么整理成统计软件可用的格式？
数据收集与预处理期（方案已定，未形成分析集）,研究方案已确定，正在招募 / 提取数据，或已拿到原始零散数据；数据不规范、质量参差不齐；高度关注数据合规性、质控方法与整理标准,完成数据的合规收集、质量控制与结构化整理，输出符合统计要求的标准分析数据集,失访率控制在多少以内期刊可接受？
数据收集与预处理期（方案已定，未形成分析集）,研究方案已确定，正在招募 / 提取数据，或已拿到原始零散数据；数据不规范、质量参差不齐；高度关注数据合规性、质控方法与整理标准,完成数据的合规收集、质量控制与结构化整理，输出符合统计要求的标准分析数据集,失访病例怎么处理？
数据收集与预处理期（方案已定，未形成分析集）,研究方案已确定，正在招募 / 提取数据，或已拿到原始零散数据；数据不规范、质量参差不齐；高度关注数据合规性、质控方法与整理标准,完成数据的合规收集、质量控制与结构化整理，输出符合统计要求的标准分析数据集,随访时间不够长能不能写论文？
统计分析攻坚期（数据已清洗，正在统计与解读）,已完成数据清洗，进入统计分析环节，或已拿到初步统计结果；统计基础薄弱，不会选方法、不会解读结果；阴性结果出现时焦虑感显著增强,选对统计方法，正确解读结果，规范呈现图表，必要时通过进阶分析提升研究深度,统计用 SPSS 还是 R？期刊更认可哪个？
统计分析攻坚期（数据已清洗，正在统计与解读）,已完成数据清洗，进入统计分析环节，或已拿到初步统计结果；统计基础薄弱，不会选方法、不会解读结果；阴性结果出现时焦虑感显著增强,选对统计方法，正确解读结果，规范呈现图表，必要时通过进阶分析提升研究深度,不会写代码，只用 SPSS 能发核心 / SCI 吗？
统计分析攻坚期（数据已清洗，正在统计与解读）,已完成数据清洗，进入统计分析环节，或已拿到初步统计结果；统计基础薄弱，不会选方法、不会解读结果；阴性结果出现时焦虑感显著增强,选对统计方法，正确解读结果，规范呈现图表，必要时通过进阶分析提升研究深度,统计分析必须保留代码吗？
统计分析攻坚期（数据已清洗，正在统计与解读）,已完成数据清洗，进入统计分析环节，或已拿到初步统计结果；统计基础薄弱，不会选方法、不会解读结果；阴性结果出现时焦虑感显著增强,选对统计方法，正确解读结果，规范呈现图表，必要时通过进阶分析提升研究深度,基线资料比较用什么方法？
统计分析攻坚期（数据已清洗，正在统计与解读）,已完成数据清洗，进入统计分析环节，或已拿到初步统计结果；统计基础薄弱，不会选方法、不会解读结果；阴性结果出现时焦虑感显著增强,选对统计方法，正确解读结果，规范呈现图表，必要时通过进阶分析提升研究深度,找危险因素用 logistic 还是 Cox 回归？
统计分析攻坚期（数据已清洗，正在统计与解读）,已完成数据清洗，进入统计分析环节，或已拿到初步统计结果；统计基础薄弱，不会选方法、不会解读结果；阴性结果出现时焦虑感显著增强,选对统计方法，正确解读结果，规范呈现图表，必要时通过进阶分析提升研究深度,控制混杂用 PSM 还是多因素回归？
统计分析攻坚期（数据已清洗，正在统计与解读）,已完成数据清洗，进入统计分析环节，或已拿到初步统计结果；统计基础薄弱，不会选方法、不会解读结果；阴性结果出现时焦虑感显著增强,选对统计方法，正确解读结果，规范呈现图表，必要时通过进阶分析提升研究深度,数据不符合正态分布怎么办？
统计分析攻坚期（数据已清洗，正在统计与解读）,已完成数据清洗，进入统计分析环节，或已拿到初步统计结果；统计基础薄弱，不会选方法、不会解读结果；阴性结果出现时焦虑感显著增强,选对统计方法，正确解读结果，规范呈现图表，必要时通过进阶分析提升研究深度,亚组分析是提前预设还是事后做？
统计分析攻坚期（数据已清洗，正在统计与解读）,已完成数据清洗，进入统计分析环节，或已拿到初步统计结果；统计基础薄弱，不会选方法、不会解读结果；阴性结果出现时焦虑感显著增强,选对统计方法，正确解读结果，规范呈现图表，必要时通过进阶分析提升研究深度,亚组分析做多了会不会被质疑 P 值操纵？
统计分析攻坚期（数据已清洗，正在统计与解读）,已完成数据清洗，进入统计分析环节，或已拿到初步统计结果；统计基础薄弱，不会选方法、不会解读结果；阴性结果出现时焦虑感显著增强,选对统计方法，正确解读结果，规范呈现图表，必要时通过进阶分析提升研究深度,阴性结果还能发论文吗？
统计分析攻坚期（数据已清洗，正在统计与解读）,已完成数据清洗，进入统计分析环节，或已拿到初步统计结果；统计基础薄弱，不会选方法、不会解读结果；阴性结果出现时焦虑感显著增强,选对统计方法，正确解读结果，规范呈现图表，必要时通过进阶分析提升研究深度,能不能换统计方法调出阳性结果？
统计分析攻坚期（数据已清洗，正在统计与解读）,已完成数据清洗，进入统计分析环节，或已拿到初步统计结果；统计基础薄弱，不会选方法、不会解读结果；阴性结果出现时焦虑感显著增强,选对统计方法，正确解读结果，规范呈现图表，必要时通过进阶分析提升研究深度,结果和预期不一样是不是方法选错了？
统计分析攻坚期（数据已清洗，正在统计与解读）,已完成数据清洗，进入统计分析环节，或已拿到初步统计结果；统计基础薄弱，不会选方法、不会解读结果；阴性结果出现时焦虑感显著增强,选对统计方法，正确解读结果，规范呈现图表，必要时通过进阶分析提升研究深度,列线图、校准曲线、决策曲线有必要做吗？
统计分析攻坚期（数据已清洗，正在统计与解读）,已完成数据清洗，进入统计分析环节，或已拿到初步统计结果；统计基础薄弱，不会选方法、不会解读结果；阴性结果出现时焦虑感显著增强,选对统计方法，正确解读结果，规范呈现图表，必要时通过进阶分析提升研究深度,加高级统计图能不能提升中稿率？
统计分析攻坚期（数据已清洗，正在统计与解读）,已完成数据清洗，进入统计分析环节，或已拿到初步统计结果；统计基础薄弱，不会选方法、不会解读结果；阴性结果出现时焦虑感显著增强,选对统计方法，正确解读结果，规范呈现图表，必要时通过进阶分析提升研究深度,统计结果怎么整理成规范的表格和图？
统计分析攻坚期（数据已清洗，正在统计与解读）,已完成数据清洗，进入统计分析环节，或已拿到初步统计结果；统计基础薄弱，不会选方法、不会解读结果；阴性结果出现时焦虑感显著增强,选对统计方法，正确解读结果，规范呈现图表，必要时通过进阶分析提升研究深度,P 值怎么标注才规范？
统计分析攻坚期（数据已清洗，正在统计与解读）,已完成数据清洗，进入统计分析环节，或已拿到初步统计结果；统计基础薄弱，不会选方法、不会解读结果；阴性结果出现时焦虑感显著增强,选对统计方法，正确解读结果，规范呈现图表，必要时通过进阶分析提升研究深度,统计学符号的大小写、正斜体有什么格式要求？
论文撰写打磨期（结果已出，正在写作 / 优化初稿）,统计结果已全部产出，正在撰写全文或优化初稿；不熟悉学术写作规范与各部分逻辑；担心查重、抄袭等合规问题,写出符合期刊规范的学术论文，结构完整、逻辑通顺、重复率达标，有效突出研究价值,论文标题写多长合适？
论文撰写打磨期（结果已出，正在写作 / 优化初稿）,统计结果已全部产出，正在撰写全文或优化初稿；不熟悉学术写作规范与各部分逻辑；担心查重、抄袭等合规问题,写出符合期刊规范的学术论文，结构完整、逻辑通顺、重复率达标，有效突出研究价值,标题怎么写能吸引编辑、提高初审通过率？
论文撰写打磨期（结果已出，正在写作 / 优化初稿）,统计结果已全部产出，正在撰写全文或优化初稿；不熟悉学术写作规范与各部分逻辑；担心查重、抄袭等合规问题,写出符合期刊规范的学术论文，结构完整、逻辑通顺、重复率达标，有效突出研究价值,结构式摘要每部分分别写什么？有字数限制吗？
论文撰写打磨期（结果已出，正在写作 / 优化初稿）,统计结果已全部产出，正在撰写全文或优化初稿；不熟悉学术写作规范与各部分逻辑；担心查重、抄袭等合规问题,写出符合期刊规范的学术论文，结构完整、逻辑通顺、重复率达标，有效突出研究价值,怎么在摘要里突出创新点又不超字数？
论文撰写打磨期（结果已出，正在写作 / 优化初稿）,统计结果已全部产出，正在撰写全文或优化初稿；不熟悉学术写作规范与各部分逻辑；担心查重、抄袭等合规问题,写出符合期刊规范的学术论文，结构完整、逻辑通顺、重复率达标，有效突出研究价值,引言写几段合适？怎么铺垫才不啰嗦？
论文撰写打磨期（结果已出，正在写作 / 优化初稿）,统计结果已全部产出，正在撰写全文或优化初稿；不熟悉学术写作规范与各部分逻辑；担心查重、抄袭等合规问题,写出符合期刊规范的学术论文，结构完整、逻辑通顺、重复率达标，有效突出研究价值,研究缺口一定要放在引言最后吗？
论文撰写打磨期（结果已出，正在写作 / 优化初稿）,统计结果已全部产出，正在撰写全文或优化初稿；不熟悉学术写作规范与各部分逻辑；担心查重、抄袭等合规问题,写出符合期刊规范的学术论文，结构完整、逻辑通顺、重复率达标，有效突出研究价值,方法部分要写到多细才算规范？
论文撰写打磨期（结果已出，正在写作 / 优化初稿）,统计结果已全部产出，正在撰写全文或优化初稿；不熟悉学术写作规范与各部分逻辑；担心查重、抄袭等合规问题,写出符合期刊规范的学术论文，结构完整、逻辑通顺、重复率达标，有效突出研究价值,统计方法写错了会不会直接被拒稿？
论文撰写打磨期（结果已出，正在写作 / 优化初稿）,统计结果已全部产出，正在撰写全文或优化初稿；不熟悉学术写作规范与各部分逻辑；担心查重、抄袭等合规问题,写出符合期刊规范的学术论文，结构完整、逻辑通顺、重复率达标，有效突出研究价值,回顾性研究的伦理声明怎么写？
论文撰写打磨期（结果已出，正在写作 / 优化初稿）,统计结果已全部产出，正在撰写全文或优化初稿；不熟悉学术写作规范与各部分逻辑；担心查重、抄袭等合规问题,写出符合期刊规范的学术论文，结构完整、逻辑通顺、重复率达标，有效突出研究价值,方法部分引用别人的描述算不算抄袭？
论文撰写打磨期（结果已出，正在写作 / 优化初稿）,统计结果已全部产出，正在撰写全文或优化初稿；不熟悉学术写作规范与各部分逻辑；担心查重、抄袭等合规问题,写出符合期刊规范的学术论文，结构完整、逻辑通顺、重复率达标，有效突出研究价值,结果部分按什么顺序写？
论文撰写打磨期（结果已出，正在写作 / 优化初稿）,统计结果已全部产出，正在撰写全文或优化初稿；不熟悉学术写作规范与各部分逻辑；担心查重、抄袭等合规问题,写出符合期刊规范的学术论文，结构完整、逻辑通顺、重复率达标，有效突出研究价值,阴性结果怎么写才能体现临床价值？
论文撰写打磨期（结果已出，正在写作 / 优化初稿）,统计结果已全部产出，正在撰写全文或优化初稿；不熟悉学术写作规范与各部分逻辑；担心查重、抄袭等合规问题,写出符合期刊规范的学术论文，结构完整、逻辑通顺、重复率达标，有效突出研究价值,讨论怎么写才不会重复结果部分？
论文撰写打磨期（结果已出，正在写作 / 优化初稿）,统计结果已全部产出，正在撰写全文或优化初稿；不熟悉学术写作规范与各部分逻辑；担心查重、抄袭等合规问题,写出符合期刊规范的学术论文，结构完整、逻辑通顺、重复率达标，有效突出研究价值,讨论里怎么和前人研究做对比？
论文撰写打磨期（结果已出，正在写作 / 优化初稿）,统计结果已全部产出，正在撰写全文或优化初稿；不熟悉学术写作规范与各部分逻辑；担心查重、抄袭等合规问题,写出符合期刊规范的学术论文，结构完整、逻辑通顺、重复率达标，有效突出研究价值,研究局限性要不要写？写了会不会影响录用？
论文撰写打磨期（结果已出，正在写作 / 优化初稿）,统计结果已全部产出，正在撰写全文或优化初稿；不熟悉学术写作规范与各部分逻辑；担心查重、抄袭等合规问题,写出符合期刊规范的学术论文，结构完整、逻辑通顺、重复率达标，有效突出研究价值,参考文献放多少篇合适？
论文撰写打磨期（结果已出，正在写作 / 优化初稿）,统计结果已全部产出，正在撰写全文或优化初稿；不熟悉学术写作规范与各部分逻辑；担心查重、抄袭等合规问题,写出符合期刊规范的学术论文，结构完整、逻辑通顺、重复率达标，有效突出研究价值,参考文献必须用近 3 年的吗？
论文撰写打磨期（结果已出，正在写作 / 优化初稿）,统计结果已全部产出，正在撰写全文或优化初稿；不熟悉学术写作规范与各部分逻辑；担心查重、抄袭等合规问题,写出符合期刊规范的学术论文，结构完整、逻辑通顺、重复率达标，有效突出研究价值,不同期刊的参考文献格式怎么批量修改？
论文撰写打磨期（结果已出，正在写作 / 优化初稿）,统计结果已全部产出，正在撰写全文或优化初稿；不熟悉学术写作规范与各部分逻辑；担心查重、抄袭等合规问题,写出符合期刊规范的学术论文，结构完整、逻辑通顺、重复率达标，有效突出研究价值,引用中文文献会不会拉低论文水平？
论文撰写打磨期（结果已出，正在写作 / 优化初稿）,统计结果已全部产出，正在撰写全文或优化初稿；不熟悉学术写作规范与各部分逻辑；担心查重、抄袭等合规问题,写出符合期刊规范的学术论文，结构完整、逻辑通顺、重复率达标，有效突出研究价值,自引多了会不会有问题？
论文撰写打磨期（结果已出，正在写作 / 优化初稿）,统计结果已全部产出，正在撰写全文或优化初稿；不熟悉学术写作规范与各部分逻辑；担心查重、抄袭等合规问题,写出符合期刊规范的学术论文，结构完整、逻辑通顺、重复率达标，有效突出研究价值,作者排序有什么规则？共一、通讯怎么认定？
论文撰写打磨期（结果已出，正在写作 / 优化初稿）,统计结果已全部产出，正在撰写全文或优化初稿；不熟悉学术写作规范与各部分逻辑；担心查重、抄袭等合规问题,写出符合期刊规范的学术论文，结构完整、逻辑通顺、重复率达标，有效突出研究价值,基金项目号怎么标注？可以挂多个基金吗？
论文撰写打磨期（结果已出，正在写作 / 优化初稿）,统计结果已全部产出，正在撰写全文或优化初稿；不熟悉学术写作规范与各部分逻辑；担心查重、抄袭等合规问题,写出符合期刊规范的学术论文，结构完整、逻辑通顺、重复率达标，有效突出研究价值,期刊查重率要求低于多少才安全？
论文撰写打磨期（结果已出，正在写作 / 优化初稿）,统计结果已全部产出，正在撰写全文或优化初稿；不熟悉学术写作规范与各部分逻辑；担心查重、抄袭等合规问题,写出符合期刊规范的学术论文，结构完整、逻辑通顺、重复率达标，有效突出研究价值,怎么降重才能不改变原意？
论文撰写打磨期（结果已出，正在写作 / 优化初稿）,统计结果已全部产出，正在撰写全文或优化初稿；不熟悉学术写作规范与各部分逻辑；担心查重、抄袭等合规问题,写出符合期刊规范的学术论文，结构完整、逻辑通顺、重复率达标，有效突出研究价值,伪造参考文献会不会被发现？
投稿与同行评审期（定稿后，选刊→投稿→返修→结果）,论文已定稿，进入投稿全流程；等待审稿期普遍焦虑，收到返修 / 拒稿时情绪波动大；核心关注 “能不能中、赶不赶得上截止”,精准匹配期刊，提高初审通过率，妥善应对审稿意见，最大化录用概率，控制时间成本,我的文章适合投哪些期刊？
投稿与同行评审期（定稿后，选刊→投稿→返修→结果）,论文已定稿，进入投稿全流程；等待审稿期普遍焦虑，收到返修 / 拒稿时情绪波动大；核心关注 “能不能中、赶不赶得上截止”,精准匹配期刊，提高初审通过率，妥善应对审稿意见，最大化录用概率，控制时间成本,哪些期刊审稿快、命中率高？
投稿与同行评审期（定稿后，选刊→投稿→返修→结果）,论文已定稿，进入投稿全流程；等待审稿期普遍焦虑，收到返修 / 拒稿时情绪波动大；核心关注 “能不能中、赶不赶得上截止”,精准匹配期刊，提高初审通过率，妥善应对审稿意见，最大化录用概率，控制时间成本,怎么查期刊是不是北大核心 / 科技核心 / SCI？
投稿与同行评审期（定稿后，选刊→投稿→返修→结果）,论文已定稿，进入投稿全流程；等待审稿期普遍焦虑，收到返修 / 拒稿时情绪波动大；核心关注 “能不能中、赶不赶得上截止”,精准匹配期刊，提高初审通过率，妥善应对审稿意见，最大化录用概率，控制时间成本,怎么查期刊是不是预警期刊？
投稿与同行评审期（定稿后，选刊→投稿→返修→结果）,论文已定稿，进入投稿全流程；等待审稿期普遍焦虑，收到返修 / 拒稿时情绪波动大；核心关注 “能不能中、赶不赶得上截止”,精准匹配期刊，提高初审通过率，妥善应对审稿意见，最大化录用概率，控制时间成本,低分 SCI 和中文核心评职称哪个更有用？
投稿与同行评审期（定稿后，选刊→投稿→返修→结果）,论文已定稿，进入投稿全流程；等待审稿期普遍焦虑，收到返修 / 拒稿时情绪波动大；核心关注 “能不能中、赶不赶得上截止”,精准匹配期刊，提高初审通过率，妥善应对审稿意见，最大化录用概率，控制时间成本,中科院分区和 JCR 分区有什么区别？
投稿与同行评审期（定稿后，选刊→投稿→返修→结果）,论文已定稿，进入投稿全流程；等待审稿期普遍焦虑，收到返修 / 拒稿时情绪波动大；核心关注 “能不能中、赶不赶得上截止”,精准匹配期刊，提高初审通过率，妥善应对审稿意见，最大化录用概率，控制时间成本,投稿要准备哪些材料？
投稿与同行评审期（定稿后，选刊→投稿→返修→结果）,论文已定稿，进入投稿全流程；等待审稿期普遍焦虑，收到返修 / 拒稿时情绪波动大；核心关注 “能不能中、赶不赶得上截止”,精准匹配期刊，提高初审通过率，妥善应对审稿意见，最大化录用概率，控制时间成本,Cover Letter 必须写吗？要包含什么内容？
投稿与同行评审期（定稿后，选刊→投稿→返修→结果）,论文已定稿，进入投稿全流程；等待审稿期普遍焦虑，收到返修 / 拒稿时情绪波动大；核心关注 “能不能中、赶不赶得上截止”,精准匹配期刊，提高初审通过率，妥善应对审稿意见，最大化录用概率，控制时间成本,格式错误会不会直接初审被拒？
投稿与同行评审期（定稿后，选刊→投稿→返修→结果）,论文已定稿，进入投稿全流程；等待审稿期普遍焦虑，收到返修 / 拒稿时情绪波动大；核心关注 “能不能中、赶不赶得上截止”,精准匹配期刊，提高初审通过率，妥善应对审稿意见，最大化录用概率，控制时间成本,投稿 X 个月没消息正常吗？
投稿与同行评审期（定稿后，选刊→投稿→返修→结果）,论文已定稿，进入投稿全流程；等待审稿期普遍焦虑，收到返修 / 拒稿时情绪波动大；核心关注 “能不能中、赶不赶得上截止”,精准匹配期刊，提高初审通过率，妥善应对审稿意见，最大化录用概率，控制时间成本,多久可以催稿？怎么催不惹编辑反感？
投稿与同行评审期（定稿后，选刊→投稿→返修→结果）,论文已定稿，进入投稿全流程；等待审稿期普遍焦虑，收到返修 / 拒稿时情绪波动大；核心关注 “能不能中、赶不赶得上截止”,精准匹配期刊，提高初审通过率，妥善应对审稿意见，最大化录用概率，控制时间成本,一稿多投算不算学术违规？
投稿与同行评审期（定稿后，选刊→投稿→返修→结果）,论文已定稿，进入投稿全流程；等待审稿期普遍焦虑，收到返修 / 拒稿时情绪波动大；核心关注 “能不能中、赶不赶得上截止”,精准匹配期刊，提高初审通过率，妥善应对审稿意见，最大化录用概率，控制时间成本,大修和小修分别是什么意思？
投稿与同行评审期（定稿后，选刊→投稿→返修→结果）,论文已定稿，进入投稿全流程；等待审稿期普遍焦虑，收到返修 / 拒稿时情绪波动大；核心关注 “能不能中、赶不赶得上截止”,精准匹配期刊，提高初审通过率，妥善应对审稿意见，最大化录用概率，控制时间成本,大修 / 小修的录用概率大概多少？
投稿与同行评审期（定稿后，选刊→投稿→返修→结果）,论文已定稿，进入投稿全流程；等待审稿期普遍焦虑，收到返修 / 拒稿时情绪波动大；核心关注 “能不能中、赶不赶得上截止”,精准匹配期刊，提高初审通过率，妥善应对审稿意见，最大化录用概率，控制时间成本,补不了实验 / 数据怎么办？
投稿与同行评审期（定稿后，选刊→投稿→返修→结果）,论文已定稿，进入投稿全流程；等待审稿期普遍焦虑，收到返修 / 拒稿时情绪波动大；核心关注 “能不能中、赶不赶得上截止”,精准匹配期刊，提高初审通过率，妥善应对审稿意见，最大化录用概率，控制时间成本,能不能反驳审稿人的错误意见？
投稿与同行评审期（定稿后，选刊→投稿→返修→结果）,论文已定稿，进入投稿全流程；等待审稿期普遍焦虑，收到返修 / 拒稿时情绪波动大；核心关注 “能不能中、赶不赶得上截止”,精准匹配期刊，提高初审通过率，妥善应对审稿意见，最大化录用概率，控制时间成本,Response Letter 怎么写才规范？
投稿与同行评审期（定稿后，选刊→投稿→返修→结果）,论文已定稿，进入投稿全流程；等待审稿期普遍焦虑，收到返修 / 拒稿时情绪波动大；核心关注 “能不能中、赶不赶得上截止”,精准匹配期刊，提高初审通过率，妥善应对审稿意见，最大化录用概率，控制时间成本,审稿人让我引用他的论文，必须引吗？
投稿与同行评审期（定稿后，选刊→投稿→返修→结果）,论文已定稿，进入投稿全流程；等待审稿期普遍焦虑，收到返修 / 拒稿时情绪波动大；核心关注 “能不能中、赶不赶得上截止”,精准匹配期刊，提高初审通过率，妥善应对审稿意见，最大化录用概率，控制时间成本,返修截止日期赶不上能不能申请延期？
投稿与同行评审期（定稿后，选刊→投稿→返修→结果）,论文已定稿，进入投稿全流程；等待审稿期普遍焦虑，收到返修 / 拒稿时情绪波动大；核心关注 “能不能中、赶不赶得上截止”,精准匹配期刊，提高初审通过率，妥善应对审稿意见，最大化录用概率，控制时间成本,被拒稿了要不要申诉？成功率高吗？
投稿与同行评审期（定稿后，选刊→投稿→返修→结果）,论文已定稿，进入投稿全流程；等待审稿期普遍焦虑，收到返修 / 拒稿时情绪波动大；核心关注 “能不能中、赶不赶得上截止”,精准匹配期刊，提高初审通过率，妥善应对审稿意见，最大化录用概率，控制时间成本,修回之后还会再送外审吗？
投稿与同行评审期（定稿后，选刊→投稿→返修→结果）,论文已定稿，进入投稿全流程；等待审稿期普遍焦虑，收到返修 / 拒稿时情绪波动大；核心关注 “能不能中、赶不赶得上截止”,精准匹配期刊，提高初审通过率，妥善应对审稿意见，最大化录用概率，控制时间成本,拒稿后是修改重投还是直接换期刊？
投稿与同行评审期（定稿后，选刊→投稿→返修→结果）,论文已定稿，进入投稿全流程；等待审稿期普遍焦虑，收到返修 / 拒稿时情绪波动大；核心关注 “能不能中、赶不赶得上截止”,精准匹配期刊，提高初审通过率，妥善应对审稿意见，最大化录用概率，控制时间成本,编辑让转投旗下开源期刊，要不要同意？
录用后成果落地期（已录用 / 见刊，收尾落地）,论文已录用，进入出版、见刊、检索环节；最终用于职称评审、课题结题、成果报奖；核心关切是材料符合单位要求，按时拿到检索证明,顺利完成出版全流程，按时获取合规检索证明，保障成果可用，完成评审 / 结题目标,签了版权协议自己还能用文章吗？
录用后成果落地期（已录用 / 见刊，收尾落地）,论文已录用，进入出版、见刊、检索环节；最终用于职称评审、课题结题、成果报奖；核心关切是材料符合单位要求，按时拿到检索证明,顺利完成出版全流程，按时获取合规检索证明，保障成果可用，完成评审 / 结题目标,开源期刊和非开源期刊版权有什么区别？
录用后成果落地期（已录用 / 见刊，收尾落地）,论文已录用，进入出版、见刊、检索环节；最终用于职称评审、课题结题、成果报奖；核心关切是材料符合单位要求，按时拿到检索证明,顺利完成出版全流程，按时获取合规检索证明，保障成果可用，完成评审 / 结题目标,版面费能不能用科研经费报销？
录用后成果落地期（已录用 / 见刊，收尾落地）,论文已录用，进入出版、见刊、检索环节；最终用于职称评审、课题结题、成果报奖；核心关切是材料符合单位要求，按时拿到检索证明,顺利完成出版全流程，按时获取合规检索证明，保障成果可用，完成评审 / 结题目标,发票一般开什么类目？
录用后成果落地期（已录用 / 见刊，收尾落地）,论文已录用，进入出版、见刊、检索环节；最终用于职称评审、课题结题、成果报奖；核心关切是材料符合单位要求，按时拿到检索证明,顺利完成出版全流程，按时获取合规检索证明，保障成果可用，完成评审 / 结题目标,能不能申请版面费减免？
录用后成果落地期（已录用 / 见刊，收尾落地）,论文已录用，进入出版、见刊、检索环节；最终用于职称评审、课题结题、成果报奖；核心关切是材料符合单位要求，按时拿到检索证明,顺利完成出版全流程，按时获取合规检索证明，保障成果可用，完成评审 / 结题目标,不交版面费会不会影响见刊？
录用后成果落地期（已录用 / 见刊，收尾落地）,论文已录用，进入出版、见刊、检索环节；最终用于职称评审、课题结题、成果报奖；核心关切是材料符合单位要求，按时拿到检索证明,顺利完成出版全流程，按时获取合规检索证明，保障成果可用，完成评审 / 结题目标,校样阶段还能改数据吗？
录用后成果落地期（已录用 / 见刊，收尾落地）,论文已录用，进入出版、见刊、检索环节；最终用于职称评审、课题结题、成果报奖；核心关切是材料符合单位要求，按时拿到检索证明,顺利完成出版全流程，按时获取合规检索证明，保障成果可用，完成评审 / 结题目标,校样发现小错误怎么办？
录用后成果落地期（已录用 / 见刊，收尾落地）,论文已录用，进入出版、见刊、检索环节；最终用于职称评审、课题结题、成果报奖；核心关切是材料符合单位要求，按时拿到检索证明,顺利完成出版全流程，按时获取合规检索证明，保障成果可用，完成评审 / 结题目标,接收后还能改作者顺序或单位信息吗？
录用后成果落地期（已录用 / 见刊，收尾落地）,论文已录用，进入出版、见刊、检索环节；最终用于职称评审、课题结题、成果报奖；核心关切是材料符合单位要求，按时拿到检索证明,顺利完成出版全流程，按时获取合规检索证明，保障成果可用，完成评审 / 结题目标,Online First 算不算正式发表？
录用后成果落地期（已录用 / 见刊，收尾落地）,论文已录用，进入出版、见刊、检索环节；最终用于职称评审、课题结题、成果报奖；核心关切是材料符合单位要求，按时拿到检索证明,顺利完成出版全流程，按时获取合规检索证明，保障成果可用，完成评审 / 结题目标,Online First 能用来评职称吗？
录用后成果落地期（已录用 / 见刊，收尾落地）,论文已录用，进入出版、见刊、检索环节；最终用于职称评审、课题结题、成果报奖；核心关切是材料符合单位要求，按时拿到检索证明,顺利完成出版全流程，按时获取合规检索证明，保障成果可用，完成评审 / 结题目标,见刊后多久能被数据库检索？
录用后成果落地期（已录用 / 见刊，收尾落地）,论文已录用，进入出版、见刊、检索环节；最终用于职称评审、课题结题、成果报奖；核心关切是材料符合单位要求，按时拿到检索证明,顺利完成出版全流程，按时获取合规检索证明，保障成果可用，完成评审 / 结题目标,检索不到能不能催编辑部？
录用后成果落地期（已录用 / 见刊，收尾落地）,论文已录用，进入出版、见刊、检索环节；最终用于职称评审、课题结题、成果报奖；核心关切是材料符合单位要求，按时拿到检索证明,顺利完成出版全流程，按时获取合规检索证明，保障成果可用，完成评审 / 结题目标,官方检索证明去哪里开？
录用后成果落地期（已录用 / 见刊，收尾落地）,论文已录用，进入出版、见刊、检索环节；最终用于职称评审、课题结题、成果报奖；核心关切是材料符合单位要求，按时拿到检索证明,顺利完成出版全流程，按时获取合规检索证明，保障成果可用，完成评审 / 结题目标,开检索证明需要什么材料？
录用后成果落地期（已录用 / 见刊，收尾落地）,论文已录用，进入出版、见刊、检索环节；最终用于职称评审、课题结题、成果报奖；核心关切是材料符合单位要求，按时拿到检索证明,顺利完成出版全流程，按时获取合规检索证明，保障成果可用，完成评审 / 结题目标,见刊后发现错误会不会被撤稿？
录用后成果落地期（已录用 / 见刊，收尾落地）,论文已录用，进入出版、见刊、检索环节；最终用于职称评审、课题结题、成果报奖；核心关切是材料符合单位要求，按时拿到检索证明,顺利完成出版全流程，按时获取合规检索证明，保障成果可用，完成评审 / 结题目标,这篇论文能申报科技成果奖吗？
全周期通用类（贯穿所有阶段）,不绑定具体科研阶段，全流程任意节点都可能触发；本质是医生对风险、效率、成本、信任的底层关切,消除决策顾虑，明确服务边界与预期，控制整体时间与风险,能不能全程加急？多花钱也行，最快多久？
全周期通用类（贯穿所有阶段）,不绑定具体科研阶段，全流程任意节点都可能触发；本质是医生对风险、效率、成本、信任的底层关切,消除决策顾虑，明确服务边界与预期，控制整体时间与风险,有没有同科室同方向的成功案例？
全周期通用类（贯穿所有阶段）,不绑定具体科研阶段，全流程任意节点都可能触发；本质是医生对风险、效率、成本、信任的底层关切,消除决策顾虑，明确服务边界与预期，控制整体时间与风险,整体成功率大概多少？
全周期通用类（贯穿所有阶段）,不绑定具体科研阶段，全流程任意节点都可能触发；本质是医生对风险、效率、成本、信任的底层关切,消除决策顾虑，明确服务边界与预期，控制整体时间与风险,我的病例数据和个人信息会不会泄露？
全周期通用类（贯穿所有阶段）,不绑定具体科研阶段，全流程任意节点都可能触发；本质是医生对风险、效率、成本、信任的底层关切,消除决策顾虑，明确服务边界与预期，控制整体时间与风险,有什么保密措施？
全周期通用类（贯穿所有阶段）,不绑定具体科研阶段，全流程任意节点都可能触发；本质是医生对风险、效率、成本、信任的底层关切,消除决策顾虑，明确服务边界与预期，控制整体时间与风险,协助写作 / 润色算不算学术不端？
全周期通用类（贯穿所有阶段）,不绑定具体科研阶段，全流程任意节点都可能触发；本质是医生对风险、效率、成本、信任的底层关切,消除决策顾虑，明确服务边界与预期，控制整体时间与风险,会不会影响我评职称和职业发展？
全周期通用类（贯穿所有阶段）,不绑定具体科研阶段，全流程任意节点都可能触发；本质是医生对风险、效率、成本、信任的底层关切,消除决策顾虑，明确服务边界与预期，控制整体时间与风险,全程服务怎么收费？
全周期通用类（贯穿所有阶段）,不绑定具体科研阶段，全流程任意节点都可能触发；本质是医生对风险、效率、成本、信任的底层关切,消除决策顾虑，明确服务边界与预期，控制整体时间与风险,包含几次修改？
全周期通用类（贯穿所有阶段）,不绑定具体科研阶段，全流程任意节点都可能触发；本质是医生对风险、效率、成本、信任的底层关切,消除决策顾虑，明确服务边界与预期，控制整体时间与风险,分几步付款？
全周期通用类（贯穿所有阶段）,不绑定具体科研阶段，全流程任意节点都可能触发；本质是医生对风险、效率、成本、信任的底层关切,消除决策顾虑，明确服务边界与预期，控制整体时间与风险,从现在到见刊，每个阶段大概要花多久？
全周期通用类（贯穿所有阶段）,不绑定具体科研阶段，全流程任意节点都可能触发；本质是医生对风险、效率、成本、信任的底层关切,消除决策顾虑，明确服务边界与预期，控制整体时间与风险,帮我排一个整体时间节点。
